image,text
10_full (4).jpg,stainless steel screw on white background
11_full.jpg,stainless steel screw on white background
12_full.jpg,stainless steel screw on white background
13_full.jpg,stainless steel screw on white background
14_full.jpg,stainless steel screw on white background
15_full.jpg,stainless steel screw on white background
16_full.jpg,stainless steel screw on white background
17_full.jpg,stainless steel screw on white background
18_full.jpg,stainless steel screw on white background
19_full (4).jpg,stainless steel screw on white background
1_full (7).jpg,stainless steel screw on white background
20_full.jpg,stainless steel screw on white background
21_full.jpg,stainless steel screw on white background
22_full.jpg,stainless steel screw on white background
23_full.jpg,stainless steel screw on white background
24_full.jpg,stainless steel screw on white background
25_full.jpg,stainless steel screw on white background
26_full.jpg,stainless steel screw on white background
27_full (4).jpg,stainless steel screw on white background
28_full.jpg,stainless steel screw on white background
29_full.jpg,stainless steel screw on white background
2_full.jpg,stainless steel screw on white background
30_full.jpg,stainless steel screw on white background
31_full.jpg,stainless steel screw on white background
32_full.jpg,stainless steel screw on white background
33_full.jpg,stainless steel screw on white background
34_full.jpg,stainless steel screw on white background
35_full.jpg,stainless steel screw on white background
36_full.jpg,stainless steel screw on white background
3_full.jpg,stainless steel screw on white background
4_full.jpg,stainless steel screw on white background
5_full.jpg,stainless steel screw on white background
6_full.jpg,stainless steel screw on white background
7_full.jpg,stainless steel screw on white background
8_full.jpg,stainless steel screw on white background
9_full.jpg,stainless steel screw on white background
